"Code","SampleID","FieldID","Collector","Bag","T3","T4","GC","logT3","logT4","logGC","Site","Territory","Biol.Season","Year","Month","Day","Condition","Lat","Long","Geno.Sp","Cytb_Sp","Individual","Sex","Breeder","Anthropogenic"
16,"S21_2368","20210713-TC-09","TC",1,53.1,42,163.6,3.97217692824789,3.73766961828337,5.09742442416865,"LEND","Land's End","Dispersal",2021,7,13,"fresh",37.78283,-122.50904,"coyote",NA,"SFCoy12","Female","Yes",0.301723099
17,"S21_2365","20210713-TC-06","TC",1,55.4,45.7,240.5,4.01457959375324,3.82209829790016,5.48272008954582,"STMA","Bernal","Dispersal",2021,7,13,"fresh",37.73339,-122.42054,"coyote",NA,"SFCoy122","Male","",0.018035516
18,"S21_2375","20210714-TC-03","TC",1,46.5,40,104.6,3.83945231259331,3.68887945411394,4.65014355163082,"PRES","Presidio","Dispersal",2021,7,14,"fresh",37.79087,-122.46602,"coyote",NA,"SFCoy102","Female","",0
31,"S20_3756","20200810-TC-02","TC",30,159.4,340.6,64.4,5.07141676635611,5.83070876822859,4.16511363311031,"OLYM","Merced","Dispersal",2020,8,10,"fresh",37.70419,-122.49011,"coyote",NA,"SFCoy4","Male","Yes",0
32,"S20_3776","20200812-TC-06","TC",30,42.4,29.8,32.3,3.74714836223791,3.39450839351136,3.47506723022861,"GGPE","GGP - East","Dispersal",2020,8,12,"fresh",37.77038,-122.47424,"coyote","coyote","SFCoy70","Female","",0
34,"S20_3777","20200812-TC-07","TC",30,29.6,40.2,79.9,3.38777436133001,3.69386699562498,4.38077585277223,"GGPE","GGP - East","Dispersal",2020,8,12,"fresh",37.77023,-122.47397,"coyote","coyote","SFCoy70","Female","",1
36,"S20_3759","20200810-TC-05","TC",30,95.8,87,129.3,4.56226268497681,4.46590811865458,4.86213528577781,"OLYM","Merced","Dispersal",2020,8,10,"fresh",37.70428,-122.48829,"coyote",NA,"SFCoy95","Male","Yes",0.389288569
38,"S20_3758","20200810-TC-04","TC",30,58.2,266.2,133.5,4.06388535473739,5.58424790596101,4.8941014778403,"OLYM","Merced","Dispersal",2020,8,10,"fresh",37.70403,-122.48901,"coyote",NA,"SFCoy95","Male","Yes",0
39,"S20_3755","20200810-TC-01","TC",30,93.6,116.2,121.1,4.53903038348355,4.75531284441781,4.79661665055905,"OLYM","Merced","Dispersal",2020,8,10,"fresh",37.70485,-122.48852,"coyote",NA,"SFCoy20","Male","",0
42,"S20_3829","20200907-TC-04","TC",28,39.3,60.2,80,3.67122451887522,4.09767235231478,4.38202663467388,"PRES","Presidio","Dispersal",2020,9,7,"fresh",37.79217,-122.4508,"coyote","coyote","SFCoy24","Female","Yes",0.058776614
45,"S20_3837","20200907-TC-12","TC",28,78.6,72.2,544.3,4.36437169943516,4.27944004589878,6.29950056544015,"STMA","Bernal","Dispersal",2020,9,7,"fresh",37.73463,-122.4212,"coyote","fail","SFCoy46","Male","",0.158282209
47,"S21_0009","20201111-TC-01","TC",28,197.7,83.5,NA,5.28675073017657,4.42484663185681,NA,"STMA","Bernal","Mating",2020,11,11,"fresh",37.73469,-122.42151,"coyote","coyote","SFCoy14","Male","Yes",1
48,"S21_0010","20201111-TC-02","TC",28,82.9,101.7,635.7,4.41763506214125,4.62202730305451,6.45472675394236,"STMA","Bernal","Mating",2020,11,11,"fresh",37.73458,-122.42119,"coyote","coyote","SFCoy49","Male","",0
54,"S21_0022","20201111-TC-14","TC",28,125.3,293.8,425.1,4.83071086190202,5.68289926373978,6.05232443536474,"GLEN","Glen","Mating",2020,11,11,"fresh",37.74252,-122.44234,"coyote",NA,"SFCoy85","Female","Yes",0.471105528
55,"S21_0027","20201222-TC-02","TC",28,148.2,170.8,134.7,4.99856271286199,5.14049328135447,4.90305008341632,"TGPH","Coit","Mating",2020,12,22,"fresh",37.8028,-122.40641,"coyote",NA,"SFCoy47","Male","",1
57,"S21_0031","20201222-TC-06","TC",28,28.3,35.7,963.8,3.34286180464919,3.57515068878559,6.87088380420623,"BERN","Bernal","Mating",2020,12,22,"fresh",37.7431,-122.4109,"coyote",NA,"SFCoy14","Male","Yes",0
67,"S21_3208","20210717-JK-400","JK",4,69.7,58.1,221.7,4.24420031776648,4.06216566385787,5.40132511662227,"TGPH","Coit","Dispersal",2021,7,17,"fresh",37.802864,-122.406001,"coyote",NA,"SFCoy66","Female","Yes",0.842767296
81,"S20_3693","20200720-TC-05","TC",31,142.6,126,68.4,4.9600435079802,4.83628190695148,4.22537282462851,"MCLA","McLaren","Dispersal",2020,7,20,"fresh",37.71798,-122.42185,"coyote","coyote","SFCoy26","Male","",0.483279089
82,"S20_3694","20200721-TC-01","TC",31,165.5,134.8,42.7,5.10897119481712,4.90379219847821,3.75419892023458,"GGPE","GGP - East","Dispersal",2020,7,21,"fresh",37.7711,-122.46906,"coyote","coyote","SFCoy89","Female","Yes",0.602518654
83,"S20_3695","20200721-TC-02","TC",31,262.5,130.1,140.4,5.57025108203168,4.86830338551846,4.94449549159171,"GGPE","GGP - East","Dispersal",2020,7,21,"fresh",37.77097,-122.46976,"coyote","coyote","SFCoy28","Male","Yes",0.951185592
84,"S20_3703","20200721-TC-10","TC",31,53.5,121.4,34.1,3.97968165390196,4.7990908786254,3.52929738428947,"BVP","Corona","Dispersal",2020,7,21,"fresh",37.76753,-122.44136,"coyote","coyote","SFCoy31","Female","Yes",0.054384411
86,"S20_3705","20200721-TC-12","TC",31,50.8,61.2,123.6,3.92789635458444,4.11414718951828,4.81705054502359,"BVP","Corona","Dispersal",2020,7,21,"fresh",37.76689,-122.44207,"coyote","coyote","SFCoy31","Female","Yes",0.370184849
87,"S20_3706","20200721-TC-13","TC",31,110.7,139.9,40.9,4.70682383971459,4.94092788167144,3.71113006304876,"BVP","Corona","Dispersal",2020,7,21,"fresh",37.76906,-122.44176,"coyote","coyote","SFCoy31","Female","Yes",0.005120702
88,"S20_3707","20200721-TC-14","TC",31,144,163,58,4.969813299576,5.09375020080676,4.06044301054642,"BVP","Corona","Dispersal",2020,7,21,"fresh",37.76951,-122.44192,"coyote","coyote","SFCoy31","Female","Yes",0.418659952
89,"S20_3708","20200721-TC-15","TC",31,17.3,81.9,205.9,2.85070650150373,4.40549899085902,5.32739061403374,"BVP","Corona","Dispersal",2020,7,21,"fresh",37.77035,-122.44048,"coyote","coyote","SFCoy31","Female","Yes",0.243021346
90,"S20_3711","20200722-TC-03","TC",31,199,164.4,93.1,5.29330482472449,5.10230248262208,4.53367418428302,"TGPH","Coit","Dispersal",2020,7,22,"fresh",37.80289,-122.40554,"coyote","coyote","SFCoy109","Male","",0.18867078
91,"S20_3714","20200727-TC-01","TC",31,34.8,88.5,31.9,3.54961738678043,4.48300255201388,3.4626060097908,"OLYM","Merced","Dispersal",2020,7,27,"fresh",37.7046,-122.4886,"coyote","coyote","SFCoy95","Male","Yes",0
92,"S20_3717","20200727-TC-04","TC",31,26,56.3,52.7,3.25809653802148,4.03069453514564,3.96461545554732,"OLYM","Merced","Dispersal",2020,7,27,"fresh",37.70497,-122.49011,"coyote","coyote","SFCoy4","Male","Yes",0.081939163
94,"S20_3722","20200728-TC-03","TC",31,33.7,65.3,21,3.51749783735832,4.17899203628239,3.04452243772342,"LEND","Land's End","Dispersal",2020,7,28,"fresh",37.78406,-122.50578,"coyote","coyote","SFCoy12","Female","Yes",0.007962319
95,"S20_3729","20200729-TC-06","TC",31,579.4,221.1,85.8,6.36199308533525,5.3986150878634,4.45201900649392,"LAGU","Glen","Dispersal",2020,7,29,"fresh",37.74976,-122.45499,"coyote","coyote","SFCoy81","Female","Yes",0.511811024
97,"S20_3735","20200803-TC-06","TC",31,33,86.3,123.9,3.49650756146648,4.45782959808938,4.8194747886351,"SFGC","Merced","Dispersal",2020,8,3,"fresh",37.7101,-122.47407,"coyote","coyote","SFCoy175","Female","",0.103508517
100,"S20_3749","20200805-TC-01","TC",31,98.8,127.1,131.1,4.59309760475382,4.84497417819541,4.87596039076965,"PRES","Presidio","Dispersal",2020,8,5,"fresh",37.79348,-122.45705,"coyote",NA,"SFCoy33","Male","",0
101,"S20_3800","20200819-TC-04","TC",29,64.8,59.8,188.9,4.17130560335823,4.09100566095659,5.24121777450746,"PRES","Presidio","Dispersal",2020,8,19,"fresh",37.79233,-122.45067,"coyote","coyote","SFCoy33","Male","",0.946893424
104,"S20_3802","20200819-TC-06","TC",29,27.7,40.8,229,3.32143241319329,3.70868208141012,5.43372200355424,"PRES","Presidio","Dispersal",2020,8,19,"fresh",37.79216,-122.45056,"coyote","coyote","SFCoy40","Female","",0.484660876
109,"S20_3807","20200824-TC-04","TC",29,61.5,163.1,267.1,4.11903717481247,5.09436350962697,5.58762312011592,"MCLA","McLaren","Dispersal",2020,8,24,"fresh",37.71718,-122.4139,"coyote","coyote","SFCoy10","Female","Yes",0.993136423
110,"S20_3826","20200907-TC-01","TC",29,52.2,139.7,101.9,3.95508249488859,4.93949726626292,4.62399194022868,"GGPW","GGP - West","Dispersal",2020,9,7,"fresh",37.76674,-122.49829,"coyote","coyote","SFCoy52","Male","",0.932762448
115,"S20_3816","20200824-TC-13","TC",29,34.6,131.1,59.3,3.54385368206368,4.87596039076965,4.08260930600368,"STMA","Bernal","Dispersal",2020,8,24,"fresh",37.73398,-122.42019,"coyote","coyote","SFCoy44","Female","Yes",0.743220339
118,"S20_3822","20200824-TC-19","TC",29,6.1,23.9,64.8,1.80828877117927,3.17387845893747,4.17130560335823,"GLEN","Glen","Dispersal",2020,8,24,"fresh",37.74271,-122.44248,"coyote","coyote","SFCoy85","Female","Yes",0.15509457
122,"S21_3355","20210827-JK-494","JK",8,25.8,89.7,11.4,3.25037449192757,4.49647076906475,2.43361335540045,"STMA","Bernal","Dispersal",2021,8,27,"fresh",37.734636,-122.421051,"coyote",NA,"SFCoy122","Male","",1
127,"S21_3340","20210823-JK-479","JK",8,133.3,161.7,56.9,4.89260222718466,5.08574276658306,4.04129534113228,"STMA","Bernal","Dispersal",2021,8,23,"fresh",37.734636,-122.421051,"coyote",NA,"SFCoy128","Female","",0.928571429
134,"S21_3347","20210826-JK-486","JK",8,78.9,98.6,41.1,4.36818122785183,4.59107126160859,3.71600812150219,"STMA","Bernal","Dispersal",2021,8,26,"fresh",37.734636,-122.421051,"coyote",NA,"SFCoy126","Female","",0.656675749
136,"S21_3349","20210826-JK-488","JK",8,223.3,829.1,67,5.40851615884611,6.72034077512217,4.20469261939097,"STMA","Bernal","Dispersal",2021,8,26,"fresh",37.734636,-122.421051,"coyote",NA,"SFCoy122","Male","",0.214035088
137,"S21_3350","20210826-JK-489","JK",8,130.3,111.7,79.1,4.8698394841308,4.71581670607516,4.37071287477361,"STMA","Bernal","Dispersal",2021,8,26,"fresh",37.734636,-122.421051,"coyote",NA,"SFCoy126","Female","",0.439285714
142,"S21_3223","20210723-JK-415","JK",5,183.7,166.8,109.2,5.21330399222108,5.11679548992465,4.6931810633108,"STMA","Bernal","Dispersal",2021,7,23,"fresh",37.734636,-122.421051,"coyote",NA,"SFCoy119","Male","",0.198465146
143,"S21_3224","20210724-JK-416","JK",5,203.1,98,468.7,5.31369846858634,4.58496747867057,6.14996290492866,"LAKE","Merced","Dispersal",2021,7,24,"fresh",37.729695,-122.48071,"coyote",NA,"SFCoy61","Male","Yes",0.123754905
146,"S21_3227","20210725-JK-419","JK",5,143,162.4,159.6,4.96284463025991,5.09006242772758,5.07267068501571,"STMA","Bernal","Dispersal",2021,7,25,"fresh",37.734636,-122.421051,"coyote",NA,"SFCoy100","Male","",0.174329502
149,"S21_3230","20210726-JK-422","JK",5,265.8,351.8,60.7,5.58274414627915,5.86306283230346,4.10594369806545,"STMA","Bernal","Dispersal",2021,7,26,"fresh",37.734636,-122.421051,"coyote",NA,"SFCoy100","Male","",0.95245352
150,"S21_3231","20210727-JK-423","JK",5,45.6,67.3,57.6,3.81990771652034,4.20916023665068,4.05352256770185,"SFGC","Merced","Dispersal",2021,7,27,"fresh",37.710304,-122.477567,"coyote",NA,"SFCoy96","Female","Yes",0.759829968
151,"S21_3232","20210729-JK-425","JK",5,24,126,160.1,3.17805383034795,4.83628190695148,5.07579862000267,"STFA","St. Francis","Dispersal",2021,7,29,"fresh",37.73783347,-122.4709839,"coyote",NA,"SFCoy97","Female","Yes",0.805263158
152,"S21_3235","20210802-JK-428","JK",5,55.3,103.2,46.9,4.01277290852829,4.63666885304746,3.84801767545223,"SFGC","Merced","Dispersal",2021,8,2,"fresh",37.710304,-122.477567,"coyote",NA,"SFCoy116","Male","",0.980029955
153,"S21_3236","20210803-JK-429","JK",5,70,230.8,25.7,4.24849524204936,5.44155153463394,3.24649099190117,"STMA","Bernal","Dispersal",2021,8,3,"fresh",37.734636,-122.421051,"coyote",NA,"SFCoy126","Female","",1
154,"S21_3237","20210807-JK-431","JK",5,182.8,368.1,50,5.20839265902005,5.90835464038498,3.91202300542815,"STFA","St. Francis","Dispersal",2021,8,7,"fresh",37.73783347,-122.4709839,"coyote",NA,"SFCoy97","Female","Yes",0.81678214
155,"S21_3239","20210809-JK-433","JK",5,78.8,218.2,14,4.36691299686383,5.38541207339897,2.63905732961526,"BERN","Bernal","Dispersal",2021,8,9,"fresh",37.743102,-122.413843,"coyote",NA,"SFCoy117","Female","",0.039356394
157,"S21_3241","20210913-TC-01","TC",5,63.6,153.1,34.7,4.15261347034608,5.03109130266364,3.54673968695281,"SFGC","Merced","Dispersal",2021,9,13,"fresh",37.71174,-122.483,"coyote",NA,"SFCoy99","Male","",0.834309623
162,"S21_1293","20210414-JK-312","JK",23,7.7,39.4,75,2.04122032885964,3.67376581630389,4.31748811353631,"SFGC","Merced","Pupping",2021,4,14,"fresh",37.710304,-122.477567,"coyote",NA,"SFCoy96","Female","Yes",0.29844098
164,"S21_1295","20210420-JK-314","JK",23,204.2,191.2,50.2,5.31909990573056,5.2533200006173,3.91601502669768,"TGPH","Coit","Pupping",2021,4,20,"fresh",37.802864,-122.406001,"coyote",NA,"SFCoy95","Male","Yes",1
165,"S21_1297","20210422-JK-316","JK",23,51.2,73.1,19.5,3.93573953204546,4.29182836675573,2.9704144655697,"TGPH","Coit","Pupping",2021,4,22,"fresh",37.802864,-122.406001,"coyote",NA,"SFCoy87","Male","",0
166,"S21_1298","20210423-JK-317","JK",23,18.2,37.1,154.1,2.90142159408275,3.61361696961339,5.03760174232607,"SUNS","Sunset Res","Pupping",2021,4,23,"fresh",37.750072,-122.483664,"coyote",NA,"SFCoy87","Male","",0
167,"S21_1299","20210425-JK-318","JK",23,85.7,183.4,36.2,4.45085282560373,5.21166955982236,3.58905911883173,"TGPH","Coit","Pupping",2021,4,25,"fresh",37.802864,-122.406001,"coyote",NA,"SFCoy66","Female","Yes",1
169,"S21_1301","20210425-JK-320","JK",23,54.3,59.8,353.2,3.99452422693989,4.09100566095659,5.8670344687298,"BERN","Bernal","Pupping",2021,4,25,"fresh",37.743102,-122.413843,"coyote",NA,"SFCoy14","Male","Yes",0.088383838
170,"S21_1302","20210426-JK-321","JK",23,92.4,196,69.5,4.52612697864764,5.27811465923052,4.24132675257075,"SUNS","Sunset Res","Pupping",2021,4,26,"fresh",37.750072,-122.483664,"coyote",NA,"SFCoy87","Male","",0.994768963
171,"S21_1303","20210426-JK-322","JK",23,384.4,218.5,583.3,5.95168367709614,5.38678601453564,6.36870163375959,"SUNS","Sunset Res","Pupping",2021,4,26,"fresh",37.750072,-122.483664,"coyote",NA,"SFCoy45","Female","",0.553167421
176,"S21_1310","20210501-JK-329","JK",23,28.2,72.8,59.9,3.33932197794407,4.28771595520264,4.0926765051214,"TGPH","Coit","Pupping",2021,5,1,"fresh",37.802864,-122.406001,"coyote",NA,"SFCoy66","Female","Yes",0.070247934
177,"S21_1312","20210503-JK-331","JK",23,78.6,144.9,106.8,4.36437169943516,4.97604384932664,4.67095792652609,"TGPH","Coit","Pupping",2021,5,3,"fresh",37.802864,-122.406001,"coyote",NA,"SFCoy66","Female","Yes",0.567375887
179,"S21_1314","20210504-JK-333","JK",23,49.3,800.5,127.2,3.89792408104864,6.68523653243677,4.84576065090602,"TGPH","Coit","Pupping",2021,5,4,"fresh",37.802864,-122.406001,"coyote",NA,"SFCoy66","Female","Yes",0.115895557
180,"S21_1316","20210507-JK-335","JK",23,71.1,119.1,34.1,4.26408733680919,4.77996347636125,3.52929738428947,"SUNS","Sunset Res","Pupping",2021,5,7,"fresh",37.750072,-122.483664,"coyote",NA,"SFCoy87","Male","",0
209,"S21_3387","20210902-JK-526","JK",10,73.2,42,276,4.29319542096727,3.73766961828337,5.62040086571715,"TGPH","Coit","Dispersal",2021,9,2,"fresh",37.802864,-122.406001,"coyote",NA,"SFCoy95","Male","Yes",0.948606708
213,"S21_3398","20210904-JK-537","JK",10,99.1,50.2,75.8,4.59612944133594,3.91601502669768,4.32809829264833,"STMA","Bernal","Dispersal",2021,9,4,"fresh",37.734636,-122.421051,"coyote",NA,"SFCoy119","Male","",0.77093185
216,"S21_3395","20210904-JK-534","JK",10,66.6,127.3,234.2,4.19870457754634,4.84654650556336,5.45617545116362,"STFA","St. Francis","Dispersal",2021,9,4,"fresh",37.73783347,-122.4709839,"coyote",NA,"SFCoy129","Female","",0
221,"S21_3403","20210905-JK-545","JK",10,47.3,31.6,51.2,3.85651029549789,3.45315712059287,3.93573953204546,"BERN","Bernal","Dispersal",2021,9,5,"fresh",37.743102,-122.413843,"coyote",NA,"SFCoy126","Female","",1
224,"S20_3647","20200417-DH-01","DH",32,68.5,56.4,135.8,4.22683374526818,4.03246915850401,4.9111832151246,"PRES","Presidio","Pupping",2020,4,17,"fresh",37.796938,-122.464181,"coyote","coyote","SFCoy24","Female","Yes",0
225,"S21_0007","20200921-DH-01","DH",32,76.9,54.6,305.1,4.3425058765116,4.00003388275086,5.72063959172262,"PRES","Presidio","Dispersal",2020,9,21,"fresh",37.789562,-122.474922,"coyote","coyote","SFCoy8","Male","",0
231,"S20_3668","20200713-TC-02","TC",32,117.1,235.9,91.9,4.76302827060367,5.46340798641363,4.52070102936164,"OLYM","Merced","Dispersal",2020,7,13,"fresh",37.70487,-122.48929,"coyote","coyote","SFCoy20","Male","",0.687548013
232,"S20_3669","20200713-TC-03","TC",32,59.5,65.4,34.1,4.08597631255158,4.18052225846315,3.52929738428947,"OLYM","Merced","Dispersal",2020,7,13,"fresh",37.70487,-122.48993,"coyote","coyote","SFCoy20","Male","",0.03850365
234,"S20_3671","20200713-TC-05","TC",32,146.2,63.7,225.1,4.98497554731568,4.15418456257812,5.41654474791269,"OLYM","Merced","Dispersal",2020,7,13,"fresh",37.70419,-122.488,"coyote","coyote","SFCoy21","Female","",0.255316172
236,"S20_3682","20200715-TC-08","TC",32,226.6,187.9,486.2,5.42318634859391,5.23590990641942,6.18662006188202,"TGPH","Coit","Dispersal",2020,7,15,"fresh",37.80315,-122.40625,"coyote","coyote","SFCoy109","Male","",0.706292273
237,"S20_3684","20200716-TC-02","TC",32,64.4,73.2,88.5,4.16511363311031,4.29319542096727,4.48300255201388,"LEND","Land's End","Dispersal",2020,7,16,"fresh",37.78644,-122.4956,"coyote","coyote","SFCoy12","Female","Yes",0.011554995
240,"S20_3727","20200729-TC-04","TC",38,64.9,37.5,131.5,4.17284762371004,3.62434093297637,4.87900685161782,"LAGU","Glen","Dispersal",2020,7,29,"<2 days",37.75039,-122.4595,"coyote","coyote","SFCoy85","Female","Yes",0.949431702
246,"S20_3741","20200803-TC-12","TC",38,112.5,90.4,103.8,4.72295322164447,4.50424426739813,4.64246597073179,"STMA","Bernal","Dispersal",2020,8,3,"<2 days",37.73387,-122.42145,"coyote",NA,"SFCoy14","Male","Yes",0.889589905
249,"S20_3747","20200804-TC-05","TC",38,305.5,825.4,77.3,5.72194977861165,6.71586811731848,4.34769395559338,"BVP","Corona","Dispersal",2020,8,4,"<2 days",37.76967,-122.44194,"coyote",NA,"SFCoy13","Male","Yes",0.016372796
251,"S20_3753","20200805-TC-05","TC",38,30.2,38,50.5,3.40784192438082,3.63758615972639,3.92197333628131,"LAGU","Glen","Dispersal",2020,8,5,"<2 days",37.75036,-122.46026,"coyote",NA,"SFCoy17","Male","",0
252,"S20_3757","20200810-TC-03","TC",38,90.7,95.6,23.7,4.50755735712109,4.56017282005736,3.16547504814109,"OLYM","Merced","Dispersal",2020,8,10,"<2 days",37.70404,-122.48923,"coyote",NA,"SFCoy95","Male","Yes",0.993618379
257,"S20_3792","20200817-TC-12","TC",38,43.1,61.3,63.6,3.7635229971097,4.11577984294217,4.15261347034608,"GLEN","Glen","Dispersal",2020,8,17,"<2 days",37.7428,-122.4425,"coyote","coyote","SFCoy9","Male","",0
259,"S20_3798","20200819-TC-02","TC",38,144.2,93.2,879.1,4.97120122485085,4.53474772169155,6.77889865685713,"PRES","Presidio","Dispersal",2020,8,19,"<2 days",37.79246,-122.45115,"coyote","coyote","SFCoy33","Male","",0.893168472
264,"S21_5080","20211230-TC-07","TC",33,81,170.7,189.6,4.39444915467244,5.13990762980039,5.24491658982092,"LEND","Land's End","Mating",2021,12,30,"<2 days",37.78415,-122.50575,"coyote",NA,"SFCoy161","Male","",0
265,"S21_5082","20211231-TC-01","TC",33,38,51.8,131.3,3.63758615972639,3.94739014926544,4.87748478130875,"MCLA","McLaren","Mating",2021,12,31,"<2 days",37.72103,-122.41222,"coyote",NA,"SFCoy162","Male","",0.052083333
266,"S21_5084","20211231-TC-03","TC",33,55,37.7,464.3,4.00733318523247,3.62966009445396,6.14053089502588,"MCLA","McLaren","Mating",2021,12,31,"<2 days",37.71732,-122.41619,"coyote",NA,"SFCoy93","Male","Yes",0.693662177
268,"S21_4901","20210918-JK-577","JK",33,77.7,58.8,497.1,4.3528552573736,4.07414185490458,6.20879121310063,"GLEN","Glen","Dispersal",2021,9,18,"<2 days",37.742249,-122.442412,"coyote",NA,"SFCoy81","Female","Yes",0.922005571
269,"S21_4902","20210918-JK-578","JK",33,162.2,140.7,219.8,5.08883014168131,4.94662996412034,5.39271804196952,"GLEN","Glen","Dispersal",2021,9,18,"<2 days",37.742249,-122.442412,"coyote",NA,"SFCoy111","Male","",0
270,"S21_4907","20210920-JK-583","JK",33,238.5,251,156.3,5.4743693103284,5.52545293913178,5.05177723742743,"HYDE","Coit","Dispersal",2021,9,20,"<2 days",37.804161,-122.420974,"coyote",NA,"SFCoy121","Female","",1
272,"S21_4915","20210924-JK-591","JK",33,93.1,64,57.9,4.53367418428302,4.15888308335967,4.05871738457895,"STFA","St. Francis","Dispersal",2021,9,24,"<2 days",37.73783347,-122.4709839,"coyote",NA,"SFCoy129","Female","",0.676451613
273,"S21_4916","20210924-JK-592","JK",33,124.2,124.6,107.4,4.82189316949938,4.82510860635335,4.67656018207476,"STFA","St. Francis","Dispersal",2021,9,24,"<2 days",37.73783347,-122.4709839,"coyote",NA,"SFCoy129","Female","",0.73395371
274,"S21_4926","20210927-JK-602","JK",33,97.3,81.3,44.1,4.57779898919196,4.39814601655377,3.7864597824528,"HYDE","Coit","Dispersal",2021,9,27,"<2 days",37.804161,-122.420974,"coyote",NA,"SFCoy125","Male","",0.025164628
275,"S21_4927","20210927-JK-603","JK",33,901.5,305.2,99.9,6.80406004264337,5.7209672994103,4.60416968565451,"HYDE","Coit","Dispersal",2021,9,27,"<2 days",37.804161,-122.420974,"coyote",NA,"SFCoy112","Female","",0.582154267
276,"S21_4928","20210927-JK-604","JK",33,99.9,45,41.8,4.60416968565451,3.80666248977032,3.73289633953071,"HYDE","Coit","Dispersal",2021,9,27,"<2 days",37.804161,-122.420974,"coyote",NA,"SFCoy125","Male","",0.015088563
277,"S21_4929","20210927-JK-605","JK",33,854.3,207.1,146.8,6.75028242015757,5.33320176840154,4.98907111618042,"HYDE","Coit","Dispersal",2021,9,27,"<2 days",37.804161,-122.420974,"coyote",NA,"SFCoy112","Female","",0.939605504
278,"S21_4930","20210927-JK-607","JK",33,289.1,201.8,225.7,5.6667726490223,5.30727710791951,5.41920668382349,"HYDE","Coit","Dispersal",2021,9,27,"<2 days",37.804161,-122.420974,"coyote",NA,"SFCoy125","Male","",0.847272727
279,"S21_4944","20211004-JK-621","JK",33,68.9,58.2,216.4,4.23265617801961,4.06388535473739,5.37712854697233,"HYDE","Coit","Dispersal",2021,10,4,"<2 days",37.804161,-122.420974,"coyote",NA,"SFCoy113","Female","",0.655737705
281,"S21_1163","20210222-JK-260","JK",26,45.9,46.5,89.5,3.8264651170665,3.83945231259331,4.49423862528081,"GGPE","GGP - East","Mating",2021,2,22,"fresh",37.768042,-122.476381,"coyote","coyote","SFCoy73","Male","Yes",0.229456041
283,"S21_1162","20210222-JK-259","JK",26,26,27.6,79.9,3.25809653802148,3.3178157727231,4.38077585277223,"GGPE","GGP - East","Mating",2021,2,22,"fresh",37.768042,-122.476381,"coyote",NA,"SFCoy73","Male","Yes",0.669032533
284,"S21_1161","20210222-JK-258","JK",26,54.2,74.3,117.9,3.9926809084456,4.30811095172371,4.76983680754333,"GLEN","Glen","Mating",2021,2,22,"fresh",37.742249,-122.442412,"coyote","coyote","SFCoy81","Female","Yes",0.80758427
286,"S21_1166","20210224-JK-263","JK",26,53,45.5,171.9,3.97029191355212,3.8177123259569,5.1469129123888,"BERN","Bernal","Mating",2021,2,24,"fresh",37.743102,-122.413843,"coyote",NA,"SFCoy14","Male","Yes",0.925664594
287,"S21_1167","20210224-JK-264","JK",26,445.9,175.7,31.1,6.10009471163343,5.16877799519305,3.43720781918519,"BERN","Bernal","Mating",2021,2,24,"fresh",37.743102,-122.413843,"coyote","coyote","SFCoy45","Female","",0.824651004
288,"S21_1168","20210226-JK-265","JK",26,43.1,62.4,88.7,3.7635229971097,4.13356527537538,4.48525988931553,"LEND","Land's End","Mating",2021,2,26,"fresh",37.78454,-122.50495,"coyote",NA,"SFCoy12","Female","Yes",0.936721231
289,"S21_1180","20210312-JK-277","JK",26,237,361.2,204.8,5.46806014113513,5.88943182154283,5.32203389316535,"BERN","Bernal","Pupping",2021,3,12,"fresh",37.743102,-122.413843,"coyote",NA,"SFCoy44","Female","Yes",1
291,"S21_1172","20210302-JK-269","JK",26,237.4,278.4,101.8,5.46974648217557,5.62905892846026,4.62301010411642,"SFGC","Merced","Pupping",2021,3,2,"fresh",37.710304,-122.477567,"coyote",NA,"SFCoy90","Female","",0.988749326
292,"S21_1173","20210309-JK-270","JK",26,72.9,88.5,168.8,4.28908863901461,4.48300255201388,5.12871458216186,"GLEN","Glen","Pupping",2021,3,9,"fresh",37.742249,-122.442412,"coyote","coyote","SFCoy9","Male","",0.031111111
293,"S21_1174","20210310-JK-271","JK",26,552.7,362.6,82.7,6.31481535883922,5.89330029832075,4.41521960202965,"GGPE","GGP - East","Pupping",2021,3,10,"fresh",37.768042,-122.476381,"coyote",NA,"SFCoy73","Male","Yes",0.945052014
298,"S21_1177","20210310-JK-274","JK",26,416.3,47.6,293.7,6.03140615420093,3.86283276123737,5.68255883820457,"GLEN","Glen","Pupping",2021,3,10,"fresh",37.742249,-122.442412,"coyote","coyote","SFCoy9","Male","",0.015137181
301,"S21_0025","20201111-TC-17","TC",37,344.7,43.1,147.5,5.84267447352282,3.7635229971097,4.99382817577987,"MCLA","McLaren","Mating",2020,11,11,"<2 days",37.71739,-122.41344,"coyote",NA,"SFCoy87","Male","",0.614971026
303,"S21_0023","20201111-TC-15","TC",37,316.6,89.3,76.3,5.75763914744691,4.49200148788245,4.33467293829041,"LAGU","Glen","Mating",2020,11,11,"<2 days",37.74911,-122.45521,"coyote",NA,"SFCoy17","Male","",0
307,"S21_0057","20201229-TC-06","TC",37,55.8,26.4,17.1,4.02177386938726,3.27336401015227,2.83907846350861,"GGPW","GGP - West","Mating",2020,12,29,"<2 days",37.76735,-122.49926,"coyote",NA,"SFCoy78","Male","",0.566680233
309,"S21_0026","20201222-TC-01","TC",37,928,133.2,326,6.8330317327862,4.89185175810629,5.78689738136671,"TGPH","Coit","Mating",2020,12,22,"<2 days",37.80298,-122.40637,"coyote",NA,"SFCoy95","Male","Yes",0.937780437
318,"S21_0050","20201224-TC-11","TC",37,1004,173.7,444.6,6.91174730025167,5.15732967324706,6.0971750015301,"GGPE","GGP - East","Mating",2020,12,24,"<2 days",37.7724,-122.4682,"coyote",NA,"SFCoy73","Male","Yes",0.588063165
320,"S21_4935","20210929-JK-612","JK",13,328.1,46.5,44,5.79331843996706,3.83945231259331,3.78418963391826,"BERN","Bernal","Dispersal",2021,9,29,"fresh",37.743102,-122.413843,"coyote",NA,"SFCoy50","Male","",1
323,"S21_4938","20210930-JK-615","JK",13,516.5,33.6,145.6,6.24707528855969,3.51452606696916,4.98086313576259,"STGV","Stern Grove","Dispersal",2021,9,30,"fresh",37.736086,-122.487852,"coyote",NA,"SFCoy87","Male","",0.011576626
325,"S21_4940","20211001-JK-617","JK",13,600.6,91.8,229.1,6.39792915554923,4.51961229762644,5.43415858945945,"GLEN","Glen","Dispersal",2021,10,1,"fresh",37.742249,-122.442412,"coyote",NA,"SFCoy174","Male","",0
326,"S21_4941","20211004-JK-618","JK",13,911.9,61.3,62.6,6.81553033493962,4.11577984294217,4.13676527810605,"STMA","Bernal","Dispersal",2021,10,4,"fresh",37.734636,-122.421051,"coyote",NA,"SFCoy128","Female","",0.919291744
328,"S21_4946","20211004-JK-623","JK",13,101.4,9.5,69,4.61907309115708,2.2512917986065,4.23410650459726,"SFGC","Merced","Dispersal",2021,10,4,"fresh",37.710304,-122.477567,"coyote",NA,"SFCoy61","Male","Yes",0.975338801
330,"S21_4947","20211005-JK-624","JK",13,943,73.3,41.1,6.84906628263346,4.29456060889261,3.71600812150219,"BERN","Bernal","Dispersal",2021,10,5,"fresh",37.743102,-122.413843,"coyote",NA,"SFCoy117","Female","",1
331,"S21_4948","20211006-JK-625","JK",13,791.3,75.7,118.9,6.67367716261515,4.3267781604434,4.77828280369674,"HYDE","Coit","Dispersal",2021,10,6,"fresh",37.804161,-122.420974,"coyote",NA,"SFCoy121","Female","",0.099862648
332,"S21_4949","20211006-JK-626","JK",13,432.8,48.3,102.6,6.07027572753227,3.87743156065853,4.63083793273667,"HYDE","Coit","Dispersal",2021,10,6,"fresh",37.804161,-122.420974,"coyote",NA,"SFCoy121","Female","",0.963466709
336,"S21_4953","20211006-JK-630","JK",13,81.7,106.3,130.7,4.40305400186596,4.6662652853479,4.87290462063018,"HYDE","Coit","Dispersal",2021,10,6,"fresh",37.804161,-122.420974,"coyote",NA,"SFCoy113","Female","",1
337,"S21_4954","20211007-JK-631","JK",13,43,56,140.8,3.76120011569356,4.02535169073515,4.94734044372394,"HYDE","Coit","Dispersal",2021,10,7,"fresh",37.804161,-122.420974,"coyote",NA,"SFCoy113","Female","",0.817640048
339,"S21_4956","20211007-JK-633","JK",13,55.3,31.1,365,4.01277290852829,3.43720781918519,5.89989735358249,"HYDE","Coit","Dispersal",2021,10,7,"fresh",37.804161,-122.420974,"coyote",NA,"SFCoy121","Female","",0.577586207
340,"S21_1148","20210214-JK-244","JK",27,27.4,5.7,360,3.31054301339402,1.7404661748405,5.88610403145016,"GLEN","Glen","Mating",2021,2,14,"fresh",37.742249,-122.442412,"coyote",NA,"SFCoy85","Female","Yes",0
341,"S21_1155","20210220-JK-251","JK",27,88.4,79.3,292.2,4.4818719696436,4.3732381286408,5.6774384993166,"GLEN","Glen","Mating",2021,2,20,"fresh",37.742249,-122.442412,"coyote","coyote","SFCoy80","Male","Yes",0.861924686
342,"S21_1157","20210220-JK-254","JK",27,65.7,73.2,98.7,4.18509892549057,4.29319542096727,4.59208494643944,"GGPE","GGP - East","Mating",2021,2,20,"fresh",37.768042,-122.476381,"coyote","coyote","SFCoy73","Male","Yes",0.784424961
343,"S21_1121","20210217-TC-01","TC",27,84.1,114,149.2,4.4320065669789,4.7361984483945,5.00528768776966,"LAKE","Merced","Mating",2021,2,17,"fresh",37.7188,-122.48948,"coyote","coyote","SFCoy77","Female","",0.991485149
344,"S21_1106","20210120-TC-01","TC",27,60.4,31.4,376.4,4.10098910494077,3.44680789291421,5.93065240771122,"PRES","Presidio","Mating",2021,1,20,"fresh",37.79727,-122.46045,"coyote",NA,"SFCoy8","Male","",0.054877333
345,"S21_0040","20201224-TC-01","TC",27,41.3,44.9,91.5,3.72086249996699,3.80443779474821,4.51633897228148,"GGPW","GGP - West","Mating",2020,12,24,"fresh",37.76712,-122.49956,"coyote",NA,"SFCoy52","Male","",0.84395305
346,"S21_0052","20201229-TC-01","TC",27,40.1,38.6,165.1,3.69137633431252,3.65325227647079,5.10655135092608,"LEND","Land's End","Mating",2020,12,29,"fresh",37.78604,-122.49908,"coyote",NA,"SFCoy12","Female","Yes",0
348,"S21_0041","20201224-TC-02","TC",27,20.2,64.4,13.3,3.00568260440716,4.16511363311031,2.58776403522771,"GGPW","GGP - West","Mating",2020,12,24,"fresh",37.76709,-122.49954,"coyote",NA,"SFCoy78","Male","",0
349,"S21_0053","20201229-TC-02","TC",27,30.3,38.8,55.1,3.41114771251532,3.65842024662923,4.00914971615887,"LEND","Land's End","Mating",2020,12,29,"fresh",37.78422,-122.50589,"coyote",NA,"SFCoy12","Female","Yes",0.93813881
351,"S21_0062","20201230-TC-03","TC",27,84.4,92.5,561.8,4.43556740160191,4.52720864451838,6.33114591467014,"BERN","Bernal","Mating",2020,12,30,"fresh",37.74345,-122.41375,"coyote",NA,"SFCoy14","Male","Yes",0.158047945
353,"S21_0038","20201223-TC-04","TC",27,27.5,18.2,490.7,3.31418600467253,2.90142159408275,6.19583294309586,"GLEN","Glen","Mating",2020,12,23,"fresh",37.74274,-122.44229,"coyote",NA,"SFCoy17","Male","",0.183021678
355,"S21_0039","20201223-TC-05","TC",27,14.6,46.9,86.8,2.68102152871429,3.84801767545223,4.4636066216663,"MCLA","McLaren","Mating",2020,12,23,"fresh",37.72117,-122.41995,"coyote",NA,"SFCoy89","Female","Yes",0.067325824
356,"S21_1118","20210216-TC-06","TC",27,31.7,29.9,451.1,3.45631668088323,3.39785848039664,6.11168904441435,"OLYM","Merced","Mating",2021,2,16,"fresh",37.70374,-122.48933,"coyote",NA,"SFCoy61","Male","Yes",0.030698135
358,"S21_0047","20201224-TC-08","TC",27,137.4,107.8,210.4,4.92289637978825,4.6802776584749,5.34901048086356,"GGPW","GGP - West","Mating",2020,12,24,"fresh",37.76638,-122.48797,"coyote",NA,"SFCoy54","Female","",0
359,"S21_0049","20201224-TC-10","TC",27,71.9,65.3,258.4,4.275276264727,4.17899203628239,5.55450877190845,"GGPE","GGP - East","Mating",2020,12,24,"fresh",37.77031,-122.47221,"coyote",NA,"SFCoy73","Male","Yes",0.792941364
362,"S21_5077","20211230-TC-04","TC",17,179.3,100.6,33.3,5.18906038061109,4.61115225766564,3.5055573969864,"SFGC","Merced","Mating",2021,12,30,"fresh",37.71247,-122.48381,"coyote",NA,"SFCoy90","Female","",0.993600602
365,"S21_5026","20211111-TC-07","TC",17,115.3,111.7,207.7,4.74753742727501,4.71581670607516,5.33609473088207,"LAGU","Glen","Mating",2021,11,11,"fresh",37.74891,-122.45488,"coyote",NA,"SFCoy157","Female","",0.822222222
375,"S21_5092","20211105-JK-695","JK",17,66.9,55.9,175.2,4.20319896713418,4.02356438016105,5.16592817850229,"BERN","Bernal","Mating",2021,11,5,"fresh",37.743102,-122.413843,"coyote",NA,"SFCoy100","Male","",0
378,"S21_5097","20211107-JK-700","JK",17,78.8,119.3,372.1,4.36691299686383,4.78164132910387,5.91916263535258,"BERN","Bernal","Mating",2021,11,7,"fresh",37.743102,-122.413843,"coyote",NA,"SFCoy50","Male","",0.392592593
380,"S21_1183","20210313-JK-280","JK",25,183.6,177.7,105.5,5.21275947818639,5.18009673516061,4.65871095291612,"GLEN","Glen","Pupping",2021,3,13,"fresh",37.742249,-122.442412,"coyote","coyote","SFCoy80","Male","Yes",1
381,"S21_1185","20210314-JK-282","JK",25,42.8,32,213.4,3.75653810258775,3.46573590279973,5.36316833886765,"GLEN","Glen","Pupping",2021,3,14,"fresh",37.742249,-122.442412,"coyote","coyote","SFCoy9","Male","",0.057402671
382,"S21_1186","20210314-JK-283","JK",25,286.4,180.3,28.3,5.65738943508649,5.19462213020927,3.34286180464919,"GGPE","GGP - East","Pupping",2021,3,14,"fresh",37.768042,-122.476381,"coyote",NA,"SFCoy73","Male","Yes",0.194034797
383,"S21_1220","20210315-JK-284","JK",25,34.5,43.3,185.1,3.54095932403731,3.76815263500844,5.22089621957945,"GLEN","Glen","Pupping",2021,3,15,"fresh",37.742621,-122.442246,"coyote",NA,"SFCoy81","Female","Yes",0
384,"S21_1221","20210315-JK-285","JK",25,376.3,131.7,86.6,5.93038669759939,4.88052660874924,4.46129981556839,"LEND","Land's End","Pupping",2021,3,15,"fresh",37.78454,-122.50495,"coyote",NA,"SFCoy12","Female","Yes",0.098687963
385,"S21_1222","20210317-JK-286","JK",25,56.7,73.2,144.8,4.03777421073371,4.29319542096727,4.97535347995162,"BERN","Bernal","Pupping",2021,3,17,"fresh",37.743102,-122.413843,"coyote",NA,"SFCoy50","Male","",1
386,"S21_1223","20210317-JK-287","JK",25,59.5,37.2,36.1,4.08597631255158,3.6163087612791,3.58629286533884,"SFGC","Merced","Pupping",2021,3,17,"fresh",37.710304,-122.477567,"coyote",NA,"SFCoy72","Male","",0.872593951
387,"S21_1224","20210318-JK-288","JK",25,143.4,124.3,147.4,4.96563792816552,4.82269799851667,4.99314997975524,"LEND","Land's End","Pupping",2021,3,18,"fresh",37.78454,-122.50495,"coyote",NA,"SFCoy12","Female","Yes",0.666666667
388,"S21_1225","20210320-JK-289","JK",25,157.4,155.5,103.1,5.0587903359833,5.04664573161929,4.63569939102291,"BERN","Bernal","Pupping",2021,3,20,"fresh",37.743102,-122.413843,"coyote",NA,"SFCoy50","Male","",0.093617021
390,"S21_1227","20210322-JK-291","JK",25,72.8,33.6,28.3,4.28771595520264,3.51452606696916,3.34286180464919,"LEND","Land's End","Pupping",2021,3,22,"fresh",37.78454,-122.50495,"coyote",NA,"SFCoy53","Male","Yes",0
391,"S21_1228","20210326-JK-292","JK",25,85.8,59.7,130.6,4.45201900649392,4.08933202039856,4.87213921684233,"GLEN","Glen","Pupping",2021,3,26,"fresh",37.742621,-122.442246,"coyote",NA,"SFCoy85","Female","Yes",0.295625943
392,"S21_1187","20210315-TC-01","TC",25,41.1,36,30.1,3.71600812150219,3.58351893845611,3.40452517175483,"SFGC","Merced","Pupping",2021,3,15,"fresh",37.7113,-122.48329,"coyote","coyote","SFCoy72","Male","",0
393,"S21_1195","20210316-TC-01","TC",25,284.6,173.3,228.9,5.65108468565575,5.15502419672156,5.43328522695852,"CHP","Corona","Pupping",2021,3,16,"fresh",37.76495,-122.43886,"coyote","coyote","SFCoy13","Male","Yes",0.007559849
395,"S21_1219","20210414-TC-04","TC",25,198.2,217.8,106.8,5.28927662189589,5.38357721049886,4.67095792652609,"TGPH","Coit","Pupping",2021,4,14,"fresh",37.80189,-122.40541,"coyote",NA,"SFCoy95","Male","Yes",0.639338615
396,"S21_1208","20210412-TC-01","TC",25,87.2,80.9,330.8,4.46820433091493,4.39321382406445,5.80151396314954,"SFGC","Merced","Pupping",2021,4,12,"fresh",37.7111,-122.48215,"coyote","coyote","SFCoy90","Female","",0.101787102
397,"S21_1191","20210315-TC-05","TC",25,110.4,67.1,72.5,4.704110133843,4.20618404397764,4.28358656186063,"SFGC","Merced","Pupping",2021,3,15,"fresh",37.71184,-122.4835,"coyote","coyote","SFCoy90","Female","",0.043931159
404,"S21_2044","20210615-TC-02","TC",22,44.4,40.4,190.7,3.79323946943818,3.6988297849671,5.25070151260637,"STMA","Bernal","Pupping",2021,6,15,"fresh",37.73468,-122.42127,"coyote",NA,"SFCoy100","Male","",0.042704626
405,"S21_2049","20210615-TC-06","TC",22,223.3,141.4,23.4,5.40851615884611,4.95159275346247,3.15273602236366,"LEND","Land's End","Pupping",2021,6,15,"fresh",37.78257,-122.50904,"coyote",NA,"SFCoy53","Male","Yes",1
406,"S21_2050","20210615-TC-07","TC",22,49.1,50.5,45.7,3.89385903480047,3.92197333628131,3.82209829790016,"LEND","Land's End","Pupping",2021,6,15,"fresh",37.78207,-122.50905,"coyote",NA,"SFCoy12","Female","Yes",0
410,"S21_1319","20210510-JK-338","JK",22,206.7,203.6,137.2,5.33126846668772,5.31615728467637,4.92143971529178,"TGPH","Coit","Pupping",2021,5,10,"fresh",37.802864,-122.406001,"coyote",NA,"SFCoy66","Female","Yes",1
414,"S21_1323","20210515-JK-342","JK",22,217.3,90,119.2,5.38127888726238,4.49980967033027,4.78080275463125,"STFA","St. Francis","Pupping",2021,5,15,"fresh",37.73783347,-122.4709839,"coyote",NA,"SFCoy97","Female","Yes",0
415,"S21_2060","20210516-JK-344","JK",22,108.5,127.8,229.4,4.68675017298051,4.85046654194343,5.43546720469527,"TGPH","Coit","Pupping",2021,5,16,"fresh",37.802864,-122.406001,"coyote",NA,"SFCoy95","Male","Yes",0.945707071
416,"S21_2061","20210517-JK-345","JK",22,72.3,95.9,106.6,4.28082412916472,4.56330598188939,4.66908351173174,"GGPE","GGP - East","Pupping",2021,5,17,"fresh",37.768042,-122.476381,"coyote",NA,"SFCoy73","Male","Yes",0
417,"S21_2062","20210519-JK-346","JK",22,184.6,111.9,220.9,5.21819132206875,4.71760561531788,5.39771011042607,"TGPH","Coit","Pupping",2021,5,19,"fresh",37.802864,-122.406001,"coyote",NA,"SFCoy95","Male","Yes",1
418,"S21_2064","20210520-JK-348","JK",22,185.5,94.6,73.4,5.22305488204749,4.54965747605783,4.29592393562047,"STMA","Bernal","Pupping",2021,5,20,"fresh",37.732506,-122.419762,"coyote",NA,"SFCoy44","Female","Yes",0.945721584
419,"S21_2065","20210521-JK-349","JK",22,96.5,70.2,88.9,4.56954300834494,4.25134831103177,4.48751214251986,"CHP","Corona","Pupping",2021,5,21,"fresh",37.765123,-122.438632,"coyote",NA,"SFCoy13","Male","Yes",0.859473684
420,"S21_4905","20210920-JK-581","JK",22,83.9,103.1,325.3,4.42962561347316,4.63569939102291,5.78474783347931,"GLEN","Glen","Dispersal",2021,9,20,"fresh",37.742249,-122.442412,"coyote",NA,"SFCoy111","Male","",0
421,"S21_4906","20210920-JK-582","JK",22,79.6,72.4,106.4,4.37701409285034,4.28220629939167,4.66720557690754,"GGPE","GGP - East","Dispersal",2021,9,20,"fresh",37.768042,-122.476381,"coyote",NA,"SFCoy70","Female","",0
422,"S21_4908","20210921-JK-584","JK",22,86.1,112,388.2,4.45550941143368,4.71849887129509,5.96152067073491,"HYDE","Coit","Dispersal",2021,9,21,"fresh",37.804161,-122.420974,"coyote",NA,"SFCoy121","Female","",0.80103441
423,"S21_4909","20210921-JK-585","JK",22,212.7,263.9,52.6,5.35988272220619,5.57557024350928,3.96271611974366,"HYDE","Coit","Dispersal",2021,9,21,"fresh",37.804161,-122.420974,"coyote",NA,"SFCoy112","Female","",0.932608696
424,"S21_4910","20210922-JK-586","JK",22,70.2,197.3,173.6,4.25134831103177,5.28472541302857,5.15675380222625,"GLEN","Glen","Dispersal",2021,9,22,"fresh",37.742249,-122.442412,"coyote",NA,"SFCoy111","Male","",0
425,"S21_4912","20210924-JK-588","JK",22,120.1,123.9,179,4.78832472908594,4.8194747886351,5.18738580584075,"HYDE","Coit","Dispersal",2021,9,24,"fresh",37.804161,-122.420974,"coyote",NA,"SFCoy66","Female","Yes",0.283904405
428,"S21_4918","20210924-JK-594","JK",22,292.9,162.7,370.9,5.67983125383369,5.09190801422499,5.91593248449554,"GLEN","Glen","Dispersal",2021,9,24,"fresh",37.742249,-122.442412,"coyote",NA,"SFCoy127","Male","",0.544901065
430,"S21_4920","20210924-JK-596","JK",22,81.4,77.3,369.3,4.39937527300849,4.34769395559338,5.91160932185852,"GLEN","Glen","Dispersal",2021,9,24,"fresh",37.742249,-122.442412,"coyote",NA,"SFCoy118","Female","",0.146987952
433,"S21_4923","20210926-JK-599","JK",22,96,130.6,24.8,4.56434819146784,4.87213921684233,3.21084365317094,"STMA","Bernal","Dispersal",2021,9,26,"fresh",37.734636,-122.421051,"coyote",NA,"SFCoy126","Female","",1
436,"S21_4931","20210929-JK-608","JK",22,98.7,112.1,337,4.59208494643944,4.71939133007811,5.82008293035236,"BERN","Bernal","Dispersal",2021,9,29,"fresh",37.738816,-122.421488,"coyote",NA,"SFCoy49","Male","",1
438,"S21_4933","20210929-JK-610","JK",22,455.9,334.1,512.5,6.1222734872194,5.81144034936271,6.23930071101256,"BERN","Bernal","Dispersal",2021,9,29,"fresh",37.738816,-122.421488,"coyote",NA,"SFCoy100","Male","",1
439,"S21_4934","20210929-JK-611","JK",22,138.1,80.8,235.8,4.92797806041525,4.39197696552705,5.46298398810327,"BERN","Bernal","Dispersal",2021,9,29,"fresh",37.743102,-122.413843,"coyote",NA,"SFCoy50","Male","",1
448,"S20_3715","20200727-TC-02","TC",39,29.2,26.5,78.9,3.37416870927424,3.27714473299218,4.36818122785183,"OLYM","Merced","Dispersal",2020,7,27,"<2 days",37.7046,-122.48919,"coyote","coyote","SFCoy37","Female","",0
451,"S20_3724","20200729-TC-01","TC",39,74.2,45.9,107.9,4.30676415017333,3.8264651170665,4.68120487226409,"PRES","Presidio","Dispersal",2020,7,29,"<2 days",37.7913,-122.48105,"coyote","coyote","SFCoy8","Male","",0
452,"S20_3725","20200729-TC-02","TC",39,80.7,40.8,113.6,4.3907385752759,3.70868208141012,4.73268350628705,"LAGU","Glen","Dispersal",2020,7,29,"<2 days",37.75103,-122.46061,"coyote","coyote","SFCoy85","Female","Yes",0.091517418
454,"S21_1315","20210506-JK-334","JK",35,54.2,29.4,41.3,3.9926809084456,3.38099467434464,3.72086249996699,"SFGC","Merced","Pupping",2021,5,6,"<2 days",37.710304,-122.477567,"coyote",NA,"SFCoy61","Male","Yes",0.829335793
455,"S21_1317","20210507-JK-336","JK",35,73.6,62.7,339.3,4.29864502573483,4.13836144763888,5.82688467179018,"TWIN","Glen","Pupping",2021,5,7,"<2 days",37.752554,-122.447492,"coyote",NA,"SFCoy85","Female","Yes",0.532544379
456,"S21_1324","20210515-JK-343","JK",35,378.3,115.3,185.4,5.93568753163898,4.74753742727501,5.22251565313175,"STFA","St. Francis","Pupping",2021,5,15,"<2 days",37.73783347,-122.4709839,"coyote",NA,"SFCoy97","Female","Yes",0.447418738
458,"S21_2074","20210530-JK-358","JK",35,45.6,76.3,32.6,3.81990771652034,4.33467293829041,3.48431228837266,"FTFU","Merced","Pupping",2021,5,30,"<2 days",37.718948,-122.502805,"coyote",NA,"SFCoy105","Female","",0
459,"S21_2084","20210613-JK-368","JK",35,70.7,44.7,56.9,4.25844557290253,3.79997350161952,4.04129534113228,"SFGC","Merced","Pupping",2021,6,13,"<2 days",37.710304,-122.477567,"coyote",NA,"SFCoy90","Female","",0.089497717
461,"S21_2394","20210620-JK-375","JK",35,27.7,25.8,86.5,3.32143241319329,3.25037449192757,4.46014441393783,"GLEN","Glen","Pupping",2021,6,20,"<2 days",37.742249,-122.442412,"coyote",NA,"SFCoy80","Male","Yes",0.75774716
464,"S21_1291","20210416-JY-01","JY",35,57.6,29.6,311.7,4.05352256770185,3.38777436133001,5.74204118677329,"PRES","Presidio","Pupping",2021,4,16,"<2 days",37.794094,-122.455252,"coyote",NA,"SFCoy24","Female","Yes",0
467,"S21_2037","20210614-TC-02","TC",35,90,60.9,36.1,4.49980967033027,4.10923317471585,3.58629286533884,"SFGC","Merced","Pupping",2021,6,14,"<2 days",37.71245,-122.4814,"coyote",NA,"SFCoy61","Male","Yes",0.608695652
468,"S21_2042","20210614-TC-07","TC",35,57.8,34.4,223.8,4.05698877567833,3.53805656437935,5.41075279587782,"PRES","Presidio","Pupping",2021,6,14,"<2 days",37.79203,-122.46091,"coyote",NA,"SFCoy8","Male","",0
469,"S21_2051","20210615-TC-08","TC",35,245,80,281.6,5.50125821054473,4.38202663467388,5.64048762428389,"CHP","Corona","Pupping",2021,6,15,"<2 days",37.76465,-122.43933,"coyote",NA,"SFCoy13","Male","Yes",0.77173913
470,"S21_2377","20210714-TC-05","TC",35,90.6,64.5,414.6,4.50645421304893,4.16666522380173,6.02731420000168,"PRES","Presidio","Dispersal",2021,7,14,"<2 days",37.79103,-122.464,"coyote",NA,"SFCoy102","Female","",0
473,"S21_1231","20210405-JK-295","JK",24,120.9,55.9,314.3,4.79496375762075,4.02356438016105,5.75034794380352,"MTDA","Glen","Pupping",2021,4,5,"fresh",37.739349,-122.451791,"coyote",NA,"SFCoy81","Female","Yes",0.75619296
474,"S21_1234","20210406-JK-298","JK",24,130.6,55.5,20.7,4.87213921684233,4.01638302075239,3.03013370027132,"LEND","Land's End","Pupping",2021,4,6,"fresh",37.78454,-122.50495,"coyote",NA,"SFCoy12","Female","Yes",0.011123471
475,"S21_1236","20210407-JK-300","JK",24,80.6,82,53.1,4.38949864951258,4.40671924726425,3.97217692824789,"GLEN","Glen","Pupping",2021,4,7,"fresh",37.742249,-122.442412,"coyote",NA,"SFCoy80","Male","Yes",0.161065314
477,"S21_1238","20210407-JK-302","JK",24,164.5,85.8,167.6,5.10291057020543,4.45201900649392,5.12158018804798,"BERN","Bernal","Pupping",2021,4,8,"fresh",37.743102,-122.413843,"coyote",NA,"SFCoy14","Male","Yes",0.3796875
478,"S21_1239","20210408-JK-305","JK",24,79.4,54.6,197,4.37449836825309,4.00003388275086,5.28320372873799,"SUNS","Sunset Res","Pupping",2021,4,8,"fresh",37.750072,-122.483664,"coyote",NA,"SFCoy87","Male","",0.240837696
479,"S21_1241","20210409-JK-307","JK",24,36.7,34.6,56.7,3.60277675506052,3.54385368206368,4.03777421073371,"SUNS","Sunset Res","Pupping",2021,4,9,"fresh",37.750072,-122.483664,"coyote",NA,"SFCoy87","Male","",0.128956624
480,"S21_1242","20210409-JK-308","JK",24,43.7,32,105.7,3.77734810210154,3.46573590279973,4.66060489287619,"SUNS","Sunset Res","Pupping",2021,4,9,"fresh",37.750072,-122.483664,"coyote",NA,"SFCoy87","Male","",0
481,"S21_1243","20210410-JK-309","JK",24,121,52.4,124.8,4.79579054559674,3.958906591327,4.82671245593533,"BERN","Bernal","Pupping",2021,4,10,"fresh",37.743102,-122.413843,"coyote",NA,"SFCoy14","Male","Yes",0.929402638
482,"S21_1292","20210414-JK-311","JK",24,19.5,36.5,68.4,2.9704144655697,3.59731226058845,4.22537282462851,"SFGC","Merced","Pupping",2021,4,14,"fresh",37.710304,-122.477567,"coyote",NA,"SFCoy96","Female","Yes",0.609427609
484,"S21_1270","20210503-TC-02","TC",24,286.9,215.3,116.8,5.65913372298732,5.37203240437032,4.76046307039413,"GGPE","GGP - East","Pupping",2021,5,3,"fresh",37.77114,-122.47708,"coyote",NA,"SFCoy89","Female","Yes",0.87628866
486,"S21_1273","20210517-TC-03","TC",24,62.6,43.9,47.9,4.13676527810605,3.78191432008113,3.86911550441687,"SFGC","Merced","Pupping",2021,5,17,"fresh",37.71128,-122.48339,"coyote",NA,"SFCoy90","Female","",0.032346869
491,"S21_1284","20210518-TC-04","TC",24,110.5,204.5,268.9,4.70501552095781,5.32056797548286,5.59433956327482,"CHP","Corona","Pupping",2021,5,18,"fresh",37.76492,-122.438,"coyote",NA,"SFCoy31","Female","Yes",0.033240997
494,"S21_2067","20210521-JK-351","JK",21,32.5,138.4,111.7,3.48124008933569,4.93014804318357,4.71581670607516,"STFA","St. Francis","Pupping",2021,5,21,"fresh",37.734792,-122.469735,"coyote",NA,"SFCoy104","Male","",0.039800995
495,"S21_2068","20210522-JK-352","JK",21,326.7,443.8,148.6,5.78904231860702,6.09537401049849,5.00125813228366,"BERN","Bernal","Pupping",2021,5,22,"fresh",37.743102,-122.413843,"coyote",NA,"SFCoy14","Male","Yes",0.977134858
496,"S21_2069","20210524-JK-353","JK",21,887.9,430.5,26.9,6.78885912403828,6.06494732386779,3.29212628660779,"TGPH","Coit","Pupping",2021,5,24,"fresh",37.802864,-122.406001,"coyote",NA,"SFCoy66","Female","Yes",0.915863278
497,"S21_2070","20210525-JK-354","JK",21,46.1,61.6,45.2,3.8308129500026,4.12066187053947,3.81109708683819,"SFGC","Merced","Pupping",2021,5,25,"fresh",37.710304,-122.477567,"coyote",NA,"SFCoy96","Female","Yes",0.833333333
498,"S21_2072","20210525-JK-356","JK",21,93.3,105.8,136.9,4.5358201078533,4.6615505194242,4.9192507322944,"TGPH","Coit","Pupping",2021,5,25,"fresh",37.802864,-122.406001,"coyote",NA,"SFCoy95","Male","Yes",0.95302843
500,"S21_2075","20210531-JK-359","JK",21,216.4,254.5,57.3,5.37712854697233,5.53930083599058,4.04830062372069,"TGPH","Coit","Pupping",2021,5,31,"fresh",37.802864,-122.406001,"coyote",NA,"SFCoy66","Female","Yes",0.974157303
502,"S21_2077","20210602-JK-361","JK",21,146.7,175.5,290.1,4.98838968514894,5.16763904290592,5.67022569112736,"STFA","St. Francis","Pupping",2021,6,2,"fresh",37.73783347,-122.4709839,"coyote",NA,"SFCoy97","Female","Yes",0.953407752
504,"S21_2079","20210609-JK-363","JK",21,87.6,87.5,48.6,4.47278099794235,4.47163879336357,3.88362353090645,"STMA","Bernal","Pupping",2021,6,9,"fresh",37.734636,-122.421051,"coyote",NA,"SFCoy50","Male","",0.926602512
505,"S21_2080","20210609-JK-364","JK",21,35.5,33.5,28.6,3.56953269648137,3.51154543883102,3.35340671782581,"STMA","Bernal","Pupping",2021,6,9,"fresh",37.734636,-122.421051,"coyote",NA,"SFCoy49","Male","",1
506,"S21_2082","20210612-JK-366","JK",21,72.6,58.2,290.8,4.28496492183075,4.06388535473739,5.67263574565936,"STMA","Bernal","Pupping",2021,6,12,"fresh",37.734636,-122.421051,"coyote",NA,"SFCoy119","Male","",0
508,"S21_2083","20210613-JK-367","JK",21,135.4,187.6,94.1,4.90823336047817,5.23431203657212,4.54435804659133,"TWIN","Glen","Pupping",2021,6,13,"fresh",37.752554,-122.447492,"coyote",NA,"SFCoy9","Male","",0.081499593
511,"S21_2347","20210712-TC-03","TC",21,138.9,167.1,89.4,4.9337542497603,5.11859243560135,4.49312068217947,"SFGC","Merced","Dispersal",2021,7,12,"fresh",37.71159,-122.48298,"coyote",NA,"SFCoy116","Male","",0
512,"S21_2348","20210712-TC-04","TC",21,252.6,216,44.8,5.53180720991639,5.37527840768417,3.80220813942094,"SFGC","Merced","Dispersal",2021,7,12,"fresh",37.71162,-122.48308,"coyote",NA,"SFCoy116","Male","",1
515,"S21_5123","20211215-JK-726","JK",19,118.4,62.7,468.7,4.7740687224499,4.13836144763888,6.14996290492866,"BERN","Bernal","Mating",2021,12,15,"fresh",37.743102,-122.413843,"coyote",NA,"SFCoy44","Female","Yes",0
519,"S21_5127","20211221-JK-730","JK",19,81.5,34.1,714.2,4.40060302024682,3.52929738428947,6.57116303516035,"GLEN","Glen","Mating",2021,12,21,"fresh",37.742249,-122.442412,"coyote",NA,"SFCoy9","Male","",0
523,"S22_0851","20220110-JK-738","JK",19,50.9,53,43.1,3.92986292355648,3.97029191355212,3.7635229971097,"TGPH","Coit","Mating",2022,1,10,"fresh",37.802864,-122.406001,"coyote",NA,"SFCoy125","Male","",0.054755043
524,"S22_0852","20220110-JK-739","JK",19,41.2,58.9,39.3,3.71843825635548,4.07584109065754,3.67122451887522,"SFGC","Merced","Mating",2022,1,10,"fresh",37.710304,-122.477567,"coyote",NA,"SFCoy90","Female","",0.13440765
525,"S22_0855","20220114-JK-742","JK",19,158.9,232.6,298.1,5.06827507354267,5.44932024008456,5.69742900068403,"BVP","Corona","Mating",2022,1,14,"fresh",37.768823,-122.44118,"coyote",NA,"SFCoy13","Male","Yes",0.189655172
529,"S22_0859","20220119-JK-746","JK",19,55.2,160.7,144.6,4.01096295328305,5.07953927274347,4.97397130972466,"BVP","Corona","Mating",2022,1,19,"fresh",37.768823,-122.44118,"coyote",NA,"SFCoy13","Male","Yes",0
530,"S22_0860","20220120-JK-747","JK",19,121.1,213.6,730.1,4.79661665055905,5.36410510708604,6.59318151106204,"STFA","St. Francis","Mating",2022,1,20,"fresh",37.73783347,-122.4709839,"coyote",NA,"SFCoy72","Male","",1
531,"S22_0861","20220121-JK-748","JK",19,72.1,96.7,80.3,4.2780540442909,4.57161340245925,4.38576962095272,"SFGC","Merced","Mating",2022,1,21,"fresh",37.710304,-122.477567,"coyote",NA,"SFCoy90","Female","",0.669014085
532,"S22_0862","20220127-JK-749","JK",19,128.2,791.5,246.5,4.85359154448657,6.67392987932107,5.50736199348274,"STFA","St. Francis","Mating",2022,1,27,"fresh",37.73783347,-122.4709839,"coyote",NA,"SFCoy85","Female","Yes",1
533,"S21_4957","20211007-JK-634","JK",14,67.3,40.8,218,4.20916023665068,3.70868208141012,5.38449506278909,"HYDE","Coit","Dispersal",2021,10,7,"fresh",37.804161,-122.420974,"coyote",NA,"SFCoy121","Female","",0.891105569
537,"S21_4961","20211009-JK-638","JK",14,346.4,278.8,89.9,5.84759417668828,5.63049467888637,4.49869794147757,"GGPE","GGP - East","Dispersal",2021,10,9,"fresh",37.768042,-122.476381,"coyote",NA,"SFCoy70","Female","",0.991333163
539,"S21_4963","20211009-JK-640","JK",14,265.3,151,112.6,5.58086126114369,5.01727983681492,4.72384171570559,"HYDE","Coit","Dispersal",2021,10,9,"fresh",37.804161,-122.420974,"coyote",NA,"SFCoy112","Female","",0.142289182
540,"S21_4964","20211009-JK-641","JK",14,89.4,65.6,99.2,4.49312068217947,4.18357569595004,4.59713801429083,"HYDE","Coit","Dispersal",2021,10,9,"fresh",37.804161,-122.420974,"coyote",NA,"SFCoy121","Female","",0.128415301
543,"S21_4967","20211009-JK-644","JK",14,111,103.4,16.5,4.70953020131233,4.63860496207433,2.80336038090653,"HYDE","Coit","Dispersal",2021,10,9,"fresh",37.804161,-122.420974,"coyote",NA,"SFCoy112","Female","",0.12704918
546,"S21_4970","20211010-JK-647","JK",14,74.2,133.9,78.9,4.30676415017333,4.89709325269713,4.36818122785183,"STMA","Bernal","Dispersal",2021,10,10,"fresh",37.734636,-122.421051,"coyote",NA,"SFCoy122","Male","",1
548,"S21_4972","20211009-JK-649","JK",14,79.5,68.8,70.7,4.37575702166029,4.2312037449393,4.25844557290253,"HYDE","Coit","Dispersal",2021,10,9,"fresh",37.804161,-122.420974,"coyote",NA,"SFCoy112","Female","",1
551,"S21_4975","20211009-JK-652","JK",14,130.6,190.4,47.8,4.87213921684233,5.24912712235727,3.86702563949741,"HYDE","Coit","Dispersal",2021,10,9,"fresh",37.804161,-122.420974,"coyote",NA,"SFCoy125","Male","",0.719062833
554,"S22_0863","20220127-JK-750","JK",20,565.2,502.5,147,6.33717965081037,6.21959563993323,4.99043258677874,"STFA","St. Francis","Mating",2022,1,27,"fresh",37.73783347,-122.4709839,"coyote",NA,"SFCoy85","Female","Yes",0.868658465
558,"S22_0867","20220210-JK-754","JK",20,877.2,232.7,187.3,6.77673501654373,5.44975007030825,5.23271160945004,"GGPE","GGP - East","Mating",2022,2,10,"fresh",37.768042,-122.476381,"coyote",NA,"SFCoy80","Male","Yes",1
560,"S22_0891","20220224-JK-757","JK",20,294.3,127.7,63.1,5.68459965523943,4.84968376303849,4.14472076954717,"SFGC","Merced","Mating",2022,2,24,"fresh",37.710304,-122.477567,"coyote",NA,"SFCoy114","Female","",0
561,"S22_0998","20220301-JK-760","JK",20,38.2,51.7,118.9,3.64283551561253,3.94545778151438,4.77828280369674,"LAKE","Merced","Pupping",2022,3,1,"fresh",37.729695,-122.48071,"coyote",NA,"SFCoy114","Female","",0
562,"S22_1002","20220312-JK-764","JK",20,37.8,41.3,117.6,3.63230910262554,3.72086249996699,4.76728903546453,"GGPE","GGP - East","Pupping",2022,3,12,"fresh",37.768042,-122.476381,"coyote",NA,"SFCoy89","Female","Yes",0.049368542
565,"S22_1005","20220316-JK-767","JK",20,40.5,55.6,48.5,3.70130197411249,4.01818320125654,3.88156379794344,"GLEN","Glen","Pupping",2022,3,16,"fresh",37.742249,-122.442412,"coyote",NA,"SFCoy127","Male","",0.876531112
567,"S22_1007","20220324-JK-769","JK",20,66.8,71.7,30.3,4.2017030805426,4.27249074760558,3.41114771251532,"SFGC","Merced","Pupping",2022,3,24,"fresh",37.71129,-122.485125,"coyote",NA,"SFCoy61","Male","Yes",0.43125
568,"S22_1008","20220325-JK-770","JK",20,61.8,89,52.4,4.12390336446365,4.48863636973214,3.958906591327,"SFGC","Merced","Pupping",2022,3,25,"fresh",37.71129,-122.485125,"coyote",NA,"SFCoy61","Male","Yes",0.228395062
570,"S22_1013","20220331-JK-775","JK",20,24.4,28.7,174.6,3.19458313229916,3.35689712276558,5.1624976434055,"TGPH","Coit","Pupping",2022,3,31,"fresh",37.802864,-122.406001,"coyote",NA,"SFCoy66","Female","Yes",0.917708333
571,"S22_1014","20220403-JK-776","JK",20,12.8,37.5,50.8,2.54944517092557,3.62434093297637,3.92789635458444,"TGPH","Coit","Pupping",2022,4,3,"fresh",37.802864,-122.406001,"coyote",NA,"SFCoy66","Female","Yes",0.954913295
572,"S22_1015","20220403-JK-777","JK",20,18.1,36.2,64,2.89591193827178,3.58905911883173,4.15888308335967,"TGPH","Coit","Pupping",2022,4,3,"fresh",37.802864,-122.406001,"coyote",NA,"SFCoy66","Female","Yes",0.876923077
575,"S21_4999","20211101-JK-679","JK",16,149.1,230.2,58.1,5.00461722177069,5.43894849628778,4.06216566385787,"STMA","Bernal","Mating",2021,11,1,"fresh",37.734636,-122.421051,"coyote",NA,"SFCoy49","Male","",1
576,"S21_5000","20211101-JK-680","JK",16,156.7,115.6,29.7,5.05433314936197,4.75013595623828,3.39114704580865,"STMA","Bernal","Mating",2021,11,1,"fresh",37.734636,-122.421051,"coyote",NA,"SFCoy128","Female","",1
588,"S21_5020","20211111-TC-01","TC",16,47.7,41.1,365.6,3.8649313978943,3.71600812150219,5.90153983958,"OLYM","Merced","Mating",2021,11,11,"fresh",37.70442,-122.48867,"coyote",NA,"SFCoy61","Male","Yes",0.030932861
592,"S21_5025","20211111-TC-06","TC",16,66,82.2,51,4.18965474202643,4.40915530206213,3.93182563272433,"LAGU","Glen","Mating",2021,11,11,"fresh",37.74784,-122.45384,"coyote",NA,"SFCoy118","Female","",0.795977011
594,"S21_3234","20210729-JK-427","JK",34,60.3,129.2,116.4,4.09933210373314,4.8613615913485,4.75703253529734,"STFA","St. Francis","Dispersal",2021,7,29,"<2 days",37.73783347,-122.4709839,"coyote",NA,"SFCoy97","Female","Yes",0.726810478
596,"S21_3166","20210806-TC-02","TC",34,72.1,70.2,103.7,4.2780540442909,4.25134831103177,4.64150211523548,"STMA","Bernal","Dispersal",2021,8,6,"<2 days",37.73465,-122.42118,"coyote",NA,"SFCoy126","Female","",0.861013986
597,"S21_3167","20210806-TC-03","TC",34,70.8,87.8,114.4,4.25985900069967,4.47506150064107,4.7397010789457,"STMA","Bernal","Dispersal",2021,8,6,"<2 days",37.73466,-122.42112,"coyote",NA,"SFCoy126","Female","",0.96516165
602,"S21_3295","20210812-JK-434","JK",34,109.4,87,134.1,4.69501088998788,4.46590811865458,4.89858579028763,"BERN","Bernal","Dispersal",2021,8,12,"<2 days",37.743102,-122.413843,"coyote",NA,"SFCoy14","Male","Yes",1
603,"S21_3384","20210831-JK-523","JK",34,74.5,73.4,271.2,4.31079912538551,4.29592393562047,5.60285655606624,"STFA","St. Francis","Dispersal",2021,8,31,"<2 days",37.73783347,-122.4709839,"coyote",NA,"SFCoy129","Female","",0.459744504
608,"S21_3244","20210913-TC-04","TC",34,95.7,45.8,38.7,4.56121829845891,3.82428409112014,3.65583960003574,"OLYM","Merced","Dispersal",2021,9,13,"<2 days",37.70426,-122.4884,"coyote",NA,"SFCoy123","Male","",0.007320644
611,"S21_3253","20210915-TC-01","TC",34,139.9,83,416.7,4.94092788167144,4.4188406077966,6.03236653842841,"CHP","Corona","Dispersal",2021,9,15,"<2 days",37.76498,-122.43727,"coyote",NA,"SFCoy13","Male","Yes",0.810567119
612,"S21_4899","20210917-JK-575","JK",34,56.5,41.4,12,4.0342406381524,3.72328088083127,2.484906649788,"HYDE","Coit","Dispersal",2021,9,17,"<2 days",37.804161,-122.420974,"coyote",NA,"SFCoy121","Female","",0.99068323
617,"S21_4981","20211020-JK-658","JK",15,168.7,244.9,206.8,5.12812198955192,5.50084996395812,5.33175214263427,"HYDE","Coit","Dispersal",2021,10,20,"fresh",37.804161,-122.420974,"coyote",NA,"SFCoy125","Male","",0.354330709
619,"S21_4983","20211020-JK-660","JK",15,59.1,55.9,153.9,4.07923092441205,4.02356438016105,5.03630304084483,"HYDE","Coit","Dispersal",2021,10,20,"fresh",37.804161,-122.420974,"coyote",NA,"SFCoy125","Male","",0.251908397
620,"S21_4984","20211021-JK-661","JK",15,36.2,27.6,82.2,3.58905911883173,3.3178157727231,4.40915530206213,"HYDE","Coit","Dispersal",2021,10,21,"fresh",37.804161,-122.420974,"coyote",NA,"SFCoy112","Female","",0.068385173
622,"S21_4986","20211021-JK-663","JK",15,228.6,218.2,59,5.43197375136071,5.38541207339897,4.07753744390572,"HYDE","Coit","Dispersal",2021,10,21,"fresh",37.804161,-122.420974,"coyote",NA,"SFCoy112","Female","",1
623,"S21_4987","20211022-JK-664","JK",15,135.1,135.6,72.7,4.90601524496615,4.90970937550629,4.28634138453947,"BERN","Bernal","Dispersal",2021,10,22,"fresh",37.743102,-122.413843,"coyote",NA,"SFCoy14","Male","Yes",0.75182083
624,"S21_4988","20211022-JK-665","JK",15,126.1,169.2,103.6,4.83707524297087,5.13108144717212,4.64053732982538,"GGPE","GGP - East","Dispersal",2021,10,22,"fresh",37.768042,-122.476381,"coyote",NA,"SFCoy80","Male","Yes",0
628,"S21_4992","20211025-JK-669","JK",15,28.5,53,20.5,3.3499040872746,3.97029191355212,3.02042488614436,"BERN","Bernal","Dispersal",2021,10,25,"fresh",37.743102,-122.413843,"coyote",NA,"SFCoy50","Male","",0.806709265
631,"S21_4995","20211026-JK-672","JK",15,65.3,33.5,196,4.17899203628239,3.51154543883102,5.27811465923052,"GGPE","GGP - East","Dispersal",2021,10,26,"fresh",37.768042,-122.476381,"coyote",NA,"SFCoy89","Female","Yes",0.152932961
635,"S21_5100","20211114-JK-703","JK",18,112.2,91.2,74.9,4.7202829930886,4.51305489708029,4.31615389052317,"FORT","Coit","Mating",2021,11,14,"fresh",37.805977,-122.428371,"coyote",NA,"SFCoy66","Female","Yes",0.08
636,"S21_5101","20211115-JK-704","JK",18,139.3,128.5,23.2,4.93662988078576,4.85592890433527,3.14415227867226,"STMA","Bernal","Mating",2021,11,15,"fresh",37.734636,-122.421051,"coyote",NA,"SFCoy126","Female","",1
637,"S21_5104","20211119-JK-707","JK",18,186.6,403.4,73.5,5.22896728841324,5.99992862552011,4.29728540621879,"STMA","Bernal","Mating",2021,11,19,"fresh",37.734636,-122.421051,"coyote",NA,"SFCoy128","Female","",1
638,"S21_5105","20211119-JK-708","JK",18,84,156.9,86.5,4.43081679884331,5.05560865973899,4.46014441393783,"STMA","Bernal","Mating",2021,11,19,"fresh",37.734636,-122.421051,"coyote",NA,"SFCoy128","Female","",0.9575
639,"S21_5106","20211119-JK-709","JK",18,56.7,52.5,69.1,4.03777421073371,3.96081316959758,4.23555473077362,"STMA","Bernal","Mating",2021,11,19,"fresh",37.734636,-122.421051,"coyote",NA,"SFCoy126","Female","",0.933206107
650,"S21_5117","20211207-JK-720","JK",18,88.7,75.3,244.9,4.48525988931553,4.32148013480585,5.50084996395812,"GLEN","Glen","Mating",2021,12,7,"fresh",37.742249,-122.442412,"coyote",NA,"SFCoy118","Female","",0.616384915
654,"S21_3359","20210828-JK-498","JK",9,178,75.4,53.7,5.18178355029209,4.32280727501391,3.98341300151482,"STMA","Bernal","Dispersal",2021,8,28,"fresh",37.734636,-122.421051,"coyote",NA,"SFCoy119","Male","",1
655,"S21_3360","20210828-JK-499","JK",9,165,125,45.6,5.10594547390058,4.8283137373023,3.81990771652034,"STMA","Bernal","Dispersal",2021,8,28,"fresh",37.734636,-122.421051,"coyote",NA,"SFCoy128","Female","",1
657,"S21_3362","20210828-JK-501","JK",9,240.9,96.4,41.3,5.48438190962083,4.5685062016165,3.72086249996699,"STMA","Bernal","Dispersal",2021,8,28,"fresh",37.734636,-122.421051,"coyote",NA,"SFCoy119","Male","",1
658,"S21_3363","20210828-JK-502","JK",9,114.9,70.9,14.8,4.74406218485471,4.26127043353808,2.69462718077007,"STMA","Bernal","Dispersal",2021,8,28,"fresh",37.734636,-122.421051,"coyote",NA,"SFCoy126","Female","",1
659,"S21_3364","20210829-JK-503","JK",9,171,274,9.5,5.14166355650266,5.61312810638807,2.2512917986065,"STMA","Bernal","Dispersal",2021,8,29,"fresh",37.734636,-122.421051,"coyote",NA,"SFCoy100","Male","",0.960281549
661,"S21_3366","20210829-JK-505","JK",9,100.6,88.2,15.7,4.61115225766564,4.47960696301275,2.75366071235426,"STMA","Bernal","Dispersal",2021,8,29,"fresh",37.734636,-122.421051,"coyote",NA,"SFCoy122","Male","",0.976363994
674,"S21_3407","20210905-JK-549","JK",11,236.4,217.1,198.8,5.46552528553194,5.38035807688425,5.29229929422247,"STFA","St. Francis","Dispersal",2021,9,5,"fresh",37.73783347,-122.4709839,"coyote",NA,"SFCoy110","Female","",0.872781065
675,"S21_3408","20210905-JK-550","JK",11,109,170.1,329.6,4.69134788222914,5.13638649940182,5.79787979803532,"STFA","St. Francis","Dispersal",2021,9,5,"fresh",37.73783347,-122.4709839,"coyote",NA,"SFCoy110","Female","",0.711309524
678,"S21_3414","20210907-JK-556","JK",11,274.8,133.9,1001.7,5.61604356034819,4.89709325269713,6.90945383561772,"FTFU","Merced","Dispersal",2021,9,7,"fresh",37.718948,-122.502805,"coyote",NA,"SFCoy61","Male","Yes",0
679,"S21_3416","20210909-JK-559","JK",11,88.9,115.6,289.4,4.48751214251986,4.75013595623828,5.66780981419738,"STGV","Stern Grove","Dispersal",2021,9,9,"fresh",37.736086,-122.487852,"coyote",NA,"SFCoy77","Female","",0
680,"S21_3417","20210909-JK-560","JK",11,981.6,845.7,151.8,6.8891838933967,6.74016468678818,5.02256386496153,"STFA","St. Francis","Dispersal",2021,9,9,"fresh",37.73783347,-122.4709839,"coyote",NA,"SFCoy121","Female","",1
683,"S21_3421","20210912-JK-564","JK",11,1339.1,630,208.9,7.19975302550152,6.44571981938558,5.34185566856252,"GGPE","GGP - East","Dispersal",2021,9,12,"fresh",37.768042,-122.476381,"coyote",NA,"SFCoy151","Male","",0.697213199
685,"S21_3423","20210912-JK-566","JK",11,106.4,130.3,64.8,4.66720557690754,4.8698394841308,4.17130560335823,"STFA","St. Francis","Dispersal",2021,9,12,"fresh",37.73783347,-122.4709839,"coyote",NA,"SFCoy129","Female","",0.880111289
694,"S21_2385","20210701-JY-01","JY",2,89.1,81.1,31.8,4.48975933447676,4.39568296112137,3.45946628978613,"PRES","Presidio","Dispersal",2021,7,1,"fresh",37.791322,-122.451739,"coyote",NA,"SFCoy40","Female","",0
696,"S21_2392","20210618-JK-373","JK",2,84.2,127.1,57.2,4.43319492124828,4.84497417819541,4.04655389838575,"TGPH","Coit","Pupping",2021,6,18,"fresh",37.802864,-122.406001,"coyote",NA,"SFCoy66","Female","Yes",1
697,"S21_2393","20210618-JK-374","JK",2,509.5,364.5,463.2,6.23342985266278,5.89852655144871,6.13815892625879,"TGPH","Coit","Pupping",2021,6,18,"fresh",37.802864,-122.406001,"coyote",NA,"SFCoy121","Female","",0.885416667
698,"S21_2395","20210620-JK-376","JK",2,203.4,206.1,163.4,5.31517448361446,5.32836148789641,5.0962011824259,"TGPH","Coit","Pupping",2021,6,20,"fresh",37.802864,-122.406001,"coyote",NA,"SFCoy66","Female","Yes",0.885266458
699,"S21_2396","20210624-JK-377","JK",2,129,100.4,149.9,4.85981240436167,4.60916220725763,5.00996840510855,"GLEN","Glen","Pupping",2021,6,24,"fresh",37.742249,-122.442412,"coyote",NA,"SFCoy9","Male","",0.221649485
700,"S21_2397","20210627-JK-378","JK",2,285.8,329.4,647,5.65529226549577,5.79727281774354,6.4723462945009,"GGPE","GGP - East","Pupping",2021,6,27,"fresh",37.766702,-122.471125,"coyote",NA,"SFCoy73","Male","Yes",0.699272968
703,"S21_2400","20210704-JK-381","JK",2,260.8,65.7,26.4,5.5637538300525,4.18509892549057,3.27336401015227,"SFGC","Merced","Dispersal",2021,7,4,"fresh",37.710304,-122.477567,"coyote",NA,"SFCoy61","Male","Yes",0.510638298
705,"S21_2402","20210706-JK-383","JK",2,260.6,157,54.1,5.56298666469074,5.05624580534831,3.99083418585244,"SFGC","Merced","Dispersal",2021,7,6,"fresh",37.710304,-122.477567,"coyote",NA,"SFCoy72","Male","",0.319420989
707,"S21_2403","20210710-JK-384-SFGC","JK",2,111.8,57.5,32.1,4.716711560721,4.0517849478033,3.46885603013597,"SFGC","Merced","Dispersal",2021,7,10,"fresh",37.710304,-122.477567,"coyote",NA,"SFCoy90","Female","",0.740131579
712,"S21_2409","20210712-JK-389","JK",2,130.6,136.3,387.4,4.87213921684233,4.91485833870249,5.9594577509729,"LAKE","Merced","Dispersal",2021,7,12,"fresh",37.729695,-122.48071,"coyote",NA,"SFCoy96","Female","Yes",0
714,"S21_1192","20210315-TC-06","TC",36,94.3,92.1,70.2,4.54648118963941,4.52287494326126,4.25134831103177,"OLYM","Merced","Pupping",2021,3,15,"<2 days",37.70419,-122.48924,"coyote",NA,"SFCoy61","Male","Yes",0.272228126
718,"S21_1218","20210414-TC-03","TC",36,765.6,761.2,622.7,6.64065984013874,6.63489613542199,6.43406486187841,"TGPH","Coit","Pupping",2021,4,14,"<2 days",37.80311,-122.40628,"coyote",NA,"SFCoy95","Male","Yes",0.981589714
719,"S21_1272","20210517-TC-02","TC",36,134.4,110.6,181.8,4.90082042808905,4.70592008908823,5.20290718174338,"SFGC","Merced","Pupping",2021,5,17,"<2 days",37.71127,-122.48339,"coyote",NA,"SFCoy90","Female","",0.2
720,"S21_1274","20210517-TC-04","TC",36,150,71.4,301.1,5.01063529409626,4.26829786934554,5.70744243548769,"SFGC","Merced","Pupping",2021,5,17,"<2 days",37.71124,-122.48319,"coyote",NA,"SFCoy90","Female","",0.382475661
721,"S21_1282","20210518-TC-02","TC",36,448.3,151,61.3,6.10546265116139,5.01727983681492,4.11577984294217,"LEND","Land's End","Pupping",2021,5,18,"<2 days",37.77963,-122.51065,"coyote",NA,"SFCoy12","Female","Yes",0.756756757
722,"S21_1287","20210519-TC-02","TC",36,85.6,56.4,37.9,4.4496852831477,4.03246915850401,3.63495111208838,"LAKE","Merced","Pupping",2021,5,19,"<2 days",37.71839,-122.48881,"coyote",NA,"SFCoy77","Female","",0.235908142
726,"S21_1111","20210214-TC-05","TC",36,60.8,58,191.7,4.10758978897212,4.06044301054642,5.2559316500516,"STMA","Bernal","Mating",2021,2,14,"<2 days",37.73467,-122.42109,"coyote","coyote","SFCoy50","Male","",0.815998469
727,"S21_1113","20210216-TC-01","TC",36,94.3,109.4,101,4.54648118963941,4.69501088998788,4.61512051684126,"SFGC","Merced","Mating",2021,2,16,"<2 days",37.7113,-122.483,"coyote","coyote","SFCoy114","Female","",0.987142022
729,"S21_1188","20210315-TC-02","TC",36,30,53.1,40.3,3.40119738166216,3.97217692824789,3.69635146895264,"SFGC","Merced","Pupping",2021,3,15,"<2 days",37.71131,-122.48324,"coyote",NA,"SFCoy90","Female","",0.845491803
730,"S21_1189","20210315-TC-03","TC",36,42.1,99,39,3.74004774068834,4.59511985013459,3.66356164612965,"SFGC","Merced","Pupping",2021,3,15,"<2 days",37.71142,-122.48296,"coyote","coyote","SFCoy90","Female","",0.944606045
731,"S21_1190","20210315-TC-04","TC",36,73.5,51.1,538.3,4.29728540621879,3.93378449720966,6.28841602556691,"SFGC","Merced","Pupping",2021,3,15,"<2 days",37.71249,-122.48386,"coyote",NA,"SFCoy55","Male","Yes",0
732,"S21_1197","20210316-TC-03","TC",36,823.3,412.5,365.4,6.71332065430438,6.02223620577474,5.90099264394391,"LEND","Land's End","Pupping",2021,3,16,"<2 days",37.78559,-122.49873,"coyote","coyote","SFCoy53","Male","Yes",0.501069048
734,"S21_2411","20210712-JK-391","JK",3,202.7,111.6,275.7,5.31172705345795,4.71492104994721,5.61931331802975,"SFGC","Merced","Dispersal",2021,7,12,"fresh",37.710304,-122.477567,"coyote",NA,"SFCoy114","Female","",0
737,"S21_3172","20210806-TC-08","TC",3,71.2,72,127,4.26549281841793,4.27666611901606,4.84418708645859,"STMA","Bernal","Dispersal",2021,8,6,"fresh",37.7335,-122.41947,"coyote",NA,"SFCoy128","Female","",0.777024207
738,"S21_3173","20210806-TC-09","TC",3,116.8,148.7,25.4,4.76046307039413,5.00193085346611,3.23474917402449,"STMA","Bernal","Dispersal",2021,8,6,"fresh",37.73351,-122.41947,"coyote",NA,"SFCoy126","Female","",1
743,"S21_3169","20210806-TC-05","TC",3,19.6,25.1,6.1,2.97552956623647,3.22286784613774,1.80828877117927,"STMA","Bernal","Dispersal",2021,8,6,"fresh",37.73362,-122.41972,"coyote",NA,"SFCoy128","Female","",0.751505792
745,"S21_3174","20210806-TC-10","TC",3,159.5,144.7,364.8,5.0720439222249,4.97466263363744,5.89934925820018,"STMA","Bernal","Dispersal",2021,8,6,"fresh",37.73349,-122.41939,"coyote",NA,"SFCoy119","Male","",0.993485342
749,"S21_3185","20210809-TC-06","TC",3,256.8,195.3,33.4,5.54829757181581,5.27453683788263,3.50855589998265,"MCLA","McLaren","Dispersal",2021,8,9,"fresh",37.72261,-122.42227,"coyote",NA,"SFCoy135","Female","",0.348718443
754,"S21_3296","20210813-JK-435","JK",6,118.9,104,97.7,4.77828280369674,4.64439089914137,4.58190155904874,"STMA","Bernal","Dispersal",2021,8,13,"fresh",37.734636,-122.421051,"coyote",NA,"SFCoy119","Male","",0.055762082
762,"S21_3304","20210815-JK-443","JK",6,733.6,214.1,50.3,6.59796392094225,5.36644319559564,3.91800507710569,"STMA","Bernal","Dispersal",2021,8,15,"fresh",37.73518714,-122.4202574,"coyote",NA,"SFCoy50","Male","",0.36097561
